[
{"name":"Alabama","alpha-2":"AL","climate.region":"Southeast"},
{"name":"Arizona","alpha-2":"AZ","climate.region":"Southwest"},
{"name":"Arkansas","alpha-2":"AR","climate.region":"South"},
{"name":"California","alpha-2":"CA","climate.region":"West"},
{"name":"Colorado","alpha-2":"CO","climate.region":"Southwest"},
{"name":"Connecticut","alpha-2":"CT","climate.region":"Northeast"},
{"name":"Delaware","alpha-2":"DE","climate.region":"Northeast"},
{"name":"Florida","alpha-2":"FL","climate.region":"Southeast"},
{"name":"Georgia","alpha-2":"GA","climate.region":"Southeast"},
{"name":"Idaho","alpha-2":"ID","climate.region":"Northwest"},
{"name":"Illinois","alpha-2":"IL","climate.region":"Central"},
{"name":"Indiana","alpha-2":"IN","climate.region":"Central"},
{"name":"Iowa","alpha-2":"IA","climate.region":"East North Central"},
{"name":"Kansas","alpha-2":"KS","climate.region":"South"},
{"name":"Kentucky","alpha-2":"KY","climate.region":"Central"},
{"name":"Louisiana","alpha-2":"LA","climate.region":"South"},
{"name":"Maine","alpha-2":"ME","climate.region":"Northeast"},
{"name":"Maryland","alpha-2":"MD","climate.region":"Northeast"},
{"name":"Massachusetts","alpha-2":"MA","climate.region":"Northeast"},
{"name":"Michigan","alpha-2":"MI","climate.region":"East North Central"},
{"name":"Minnesota","alpha-2":"MN","climate.region":"East North Central"},
{"name":"Mississippi","alpha-2":"MS","climate.region":"South"},
{"name":"Missouri","alpha-2":"MO","climate.region":"Central"},
{"name":"Montana","alpha-2":"MT","climate.region":"West North Central"},
{"name":"Nebraska","alpha-2":"NE","climate.region":"West North Central"},
{"name":"Nevada","alpha-2":"NV","climate.region":"West"},
{"name":"New Hampshire","alpha-2":"NH","climate.region":"Northeast"},
{"name":"New Jersey","alpha-2":"NJ","climate.region":"Northeast"},
{"name":"New Mexico","alpha-2":"NM","climate.region":"Southwest"},
{"name":"New York","alpha-2":"NY","climate.region":"Northeast"},
{"name":"North Carolina","alpha-2":"NC","climate.region":"Southeast"},
{"name":"North Dakota","alpha-2":"ND","climate.region":"West North Central"},
{"name":"Ohio","alpha-2":"OH","climate.region":"Central"},
{"name":"Oklahoma","alpha-2":"OK","climate.region":"South"},
{"name":"Oregon","alpha-2":"OR","climate.region":"Northwest"},
{"name":"Pennsylvania","alpha-2":"PA","climate.region":"Northeast"},
{"name":"Rhode Island","alpha-2":"RI","climate.region":"Northeast"},
{"name":"South Carolina","alpha-2":"SC","climate.region":"Southeast"},
{"name":"South Dakota","alpha-2":"SD","climate.region":"West North Central"},
{"name":"Tennessee","alpha-2":"TN","climate.region":"Central"},
{"name":"Texas","alpha-2":"TX","climate.region":"South"},
{"name":"Utah","alpha-2":"UT","climate.region":"Southwest"},
{"name":"Vermont","alpha-2":"VT","climate.region":"Northeast"},
{"name":"Virginia","alpha-2":"VA","climate.region":"Southeast"},
{"name":"Washington","alpha-2":"WA","climate.region":"Northwest"},
{"name":"West Virginia","alpha-2":"WV","climate.region":"Central"},
{"name":"Wisconsin","alpha-2":"WI","climate.region":"East North Central"},
{"name":"Wyoming","alpha-2":"WY","climate.region":"West North Central"}
]